{
  "id": "pf2e-barrage-monk-stance",
  "title": "PF2E Barrage Monk Stance",
  "version": "1.0.0",
  "url": "https://github.com/kritikalKreznik/barrage-stance",
  "manifest": "",
  "download": ""
  "compatibility": {
    "minimum": "11",
    "verified": "11"
  },
  "relationships": {
    "systems": [
      {
        "id": "pf2e",
        "type": "system",
        "compatibility": {}
      }
    ]
  },
  "authors": [
    {
      "name": "Krsnik",
      "discord": "kritikalkreznik",
      "flags": {}
    }
  ],
  "packs": [
    {
		"label": "Feats",
		"type": "Item",
		"name": "example-feats",
		"path": "./packs/example-feats",
		"system": "pf2e",
		"package": "pf2e-example",
		"banner": "systems/pf2e/assets/compendium-banner/red.webp",
		"ownership": {
						"PLAYER": "OBSERVER",
						"ASSISTANT": "OWNER"
					 }
	}
  ]
}